downloads_percent,downloads_total,interval
0.0,1,2019-02-12
0.00115,2377,2019-02-13
0.00169,3485,2019-02-14
0.0019,3917,2019-02-15
0.00339,6989,2019-02-16
0.00296,6102,2019-02-17
0.00276,5698,2019-02-18
0.00316,6520,2019-02-19
0.00139,2859,2019-02-20
0.0015,3095,2019-02-21
0.00247,5084,2019-02-22
0.00132,2715,2019-02-23
0.00194,4007,2019-02-24
0.00172,3551,2019-02-25
0.00166,3429,2019-02-26
0.00177,3643,2019-02-27
0.00119,2464,2019-02-28
0.00104,2138,2019-03-01
0.00162,3338,2019-03-02
0.00168,3457,2019-03-03
0.00179,3691,2019-03-04
0.00139,2859,2019-03-05
0.001,2064,2019-03-06
0.00077,1587,2019-03-07
0.00081,1677,2019-03-08
0.00136,2815,2019-03-09
0.00169,3493,2019-03-10
0.00189,3908,2019-03-11
0.00178,3676,2019-03-12
0.00144,2979,2019-03-13
0.0012,2485,2019-03-14
0.00098,2026,2019-03-15
0.00138,2842,2019-03-16
0.00189,3900,2019-03-17
0.00172,3552,2019-03-18
0.00192,3964,2019-03-19
0.00125,2588,2019-03-20
0.00075,1555,2019-03-21
0.00091,1883,2019-03-22
0.00167,3445,2019-03-23
0.00212,4364,2019-03-24
0.00302,6233,2019-03-25
0.00121,2487,2019-03-26
0.00102,2103,2019-03-27
0.00097,1994,2019-03-28
0.00105,2168,2019-03-29
0.00111,2283,2019-03-30
0.00184,3797,2019-03-31
0.00266,5484,2019-04-01
0.0021,4341,2019-04-02
0.00058,1189,2019-04-03
0.00128,2644,2019-04-04
0.0016,3297,2019-04-05
0.00068,1405,2019-04-06
0.00151,3116,2019-04-07
0.00201,4137,2019-04-08
0.00275,5676,2019-04-09
0.00165,3401,2019-04-10
0.00204,4213,2019-04-11
0.00133,2739,2019-04-12
0.00131,2711,2019-04-13
0.00219,4509,2019-04-14
0.00126,2601,2019-04-15
0.00109,2247,2019-04-16
0.00101,2081,2019-04-17
0.0013,2687,2019-04-18
0.00202,4170,2019-04-19
0.00146,3015,2019-04-20
0.00069,1421,2019-04-21
0.00104,2152,2019-04-22
0.00249,5144,2019-04-23
0.00105,2171,2019-04-24
0.00081,1670,2019-04-25
0.0018,3706,2019-04-26
0.00133,2737,2019-04-27
0.00096,1990,2019-04-28
0.00162,3347,2019-04-29
0.00175,3605,2019-04-30
0.0009,1862,2019-05-01
0.00061,1249,2019-05-02
0.00035,716,2019-05-03
0.00051,1042,2019-05-04
0.00162,3344,2019-05-05
0.00198,4084,2019-05-06
0.00088,1823,2019-05-07
0.00173,3578,2019-05-08
0.00152,3142,2019-05-09
0.00186,3837,2019-05-10
0.00063,1296,2019-05-11
0.00057,1178,2019-05-12
0.00155,3202,2019-05-13
0.00099,2032,2019-05-14
0.00157,3237,2019-05-15
0.00066,1368,2019-05-16
0.00132,2729,2019-05-17
0.00064,1318,2019-05-18
0.00058,1201,2019-05-19
0.0009,1857,2019-05-20
0.0019,3928,2019-05-21
0.00166,3426,2019-05-22
0.00164,3389,2019-05-23
0.00198,4091,2019-05-24
0.00046,955,2019-05-25
0.00067,1375,2019-05-26
0.00208,4295,2019-05-27
0.00103,2128,2019-05-28
0.00141,2902,2019-05-29
0.00172,3549,2019-05-30
0.00128,2644,2019-05-31
0.0015,3097,2019-06-01
0.00115,2378,2019-06-02
0.00229,4715,2019-06-03
0.00133,2741,2019-06-04
0.00209,4311,2019-06-05
0.00124,2558,2019-06-06
0.00054,1117,2019-06-07
0.00094,1946,2019-06-08
0.00126,2603,2019-06-09
0.00173,3567,2019-06-10
0.001,2055,2019-06-11
0.00128,2645,2019-06-12
0.00085,1743,2019-06-13
0.00105,2163,2019-06-14
0.00117,2418,2019-06-15
0.00122,2522,2019-06-16
0.00151,3118,2019-06-17
0.00126,2605,2019-06-18
0.00151,3110,2019-06-19
0.00128,2636,2019-06-20
0.00096,1970,2019-06-21
0.00072,1481,2019-06-22
0.00161,3329,2019-06-23
0.00205,4226,2019-06-24
0.00105,2165,2019-06-25
0.00095,1951,2019-06-26
0.00133,2747,2019-06-27
0.00181,3728,2019-06-28
0.00041,844,2019-06-29
0.00057,1180,2019-06-30
0.00074,1529,2019-07-01
0.00107,2201,2019-07-02
0.00117,2417,2019-07-03
0.00112,2306,2019-07-04
0.00123,2544,2019-07-05
0.0004,818,2019-07-06
0.00056,1164,2019-07-07
0.0015,3095,2019-07-08
0.00246,5068,2019-07-09
0.00155,3201,2019-07-10
0.00208,4280,2019-07-11
0.00198,4083,2019-07-12
0.00052,1063,2019-07-13
0.00055,1132,2019-07-14
0.00131,2711,2019-07-15
0.00086,1775,2019-07-16
0.00103,2120,2019-07-17
0.0018,3716,2019-07-18
0.00111,2283,2019-07-19
0.00073,1509,2019-07-20
0.00097,1993,2019-07-21
0.00166,3432,2019-07-22
0.00066,1367,2019-07-23
0.00178,3676,2019-07-24
0.00191,3941,2019-07-25
0.00075,1548,2019-07-26
0.00169,3492,2019-07-27
0.00084,1723,2019-07-28
0.00197,4055,2019-07-29
0.00134,2771,2019-07-30
0.00185,3819,2019-07-31
0.00149,3071,2019-08-01
0.00052,1066,2019-08-02
0.00088,1814,2019-08-03
0.00077,1580,2019-08-04
0.00193,3975,2019-08-05
0.00143,2958,2019-08-06
0.00109,2242,2019-08-07
0.00069,1425,2019-08-08
0.00141,2901,2019-08-09
0.00097,2003,2019-08-10
0.00126,2591,2019-08-11
0.00114,2361,2019-08-12
0.00062,1280,2019-08-13
0.0013,2672,2019-08-14
0.00134,2765,2019-08-15
0.00161,3327,2019-08-16
0.00114,2342,2019-08-17
0.00082,1692,2019-08-18
0.00092,1898,2019-08-19
0.00189,3907,2019-08-20
0.00127,2627,2019-08-21
0.00202,4160,2019-08-22
0.00096,1989,2019-08-23
0.00053,1092,2019-08-24
0.00039,795,2019-08-25
0.00056,1158,2019-08-26
0.0008,1650,2019-08-27
0.00183,3767,2019-08-28
0.00194,4005,2019-08-29
0.00109,2252,2019-08-30
0.00073,1505,2019-08-31
0.00025,516,2019-09-01
0.00041,840,2019-09-02
0.00124,2548,2019-09-03
0.00129,2666,2019-09-04
0.00082,1699,2019-09-05
0.0008,1659,2019-09-06
0.00088,1825,2019-09-07
0.00101,2081,2019-09-08
0.00119,2459,2019-09-09
0.001,2070,2019-09-10
0.00098,2025,2019-09-11
0.0011,2264,2019-09-12
0.00118,2440,2019-09-13
0.00057,1169,2019-09-14
0.00057,1170,2019-09-15
0.00048,980,2019-09-16
0.0007,1438,2019-09-17
0.00059,1227,2019-09-18
0.00101,2078,2019-09-19
0.00107,2207,2019-09-20
0.00073,1501,2019-09-21
0.00087,1797,2019-09-22
0.00095,1967,2019-09-23
0.00118,2430,2019-09-24
0.00077,1595,2019-09-25
0.0011,2275,2019-09-26
0.00147,3039,2019-09-27
0.00099,2041,2019-09-28
0.00104,2144,2019-09-29
0.00062,1283,2019-09-30
0.00048,995,2019-10-01
0.00165,3396,2019-10-02
0.00153,3149,2019-10-03
0.00074,1527,2019-10-04
0.00101,2073,2019-10-05
0.00048,980,2019-10-06
0.00078,1607,2019-10-07
0.00086,1772,2019-10-08
0.00075,1553,2019-10-09
0.0009,1849,2019-10-10
0.00149,3066,2019-10-11
0.00113,2325,2019-10-12
0.00065,1334,2019-10-13
0.0005,1034,2019-10-14
0.00032,657,2019-10-15
0.00121,2494,2019-10-16
0.00147,3025,2019-10-17
0.00188,3887,2019-10-18
0.00101,2087,2019-10-19
0.00075,1551,2019-10-20
0.00207,4279,2019-10-21
0.00073,1496,2019-10-22
0.00059,1208,2019-10-23
0.00125,2573,2019-10-24
0.00045,936,2019-10-25
0.00057,1166,2019-10-26
0.00059,1208,2019-10-27
0.00052,1068,2019-10-28
0.00035,731,2019-10-29
0.00111,2288,2019-10-30
0.00152,3128,2019-10-31
0.00084,1739,2019-11-01
0.00097,1998,2019-11-02
0.00029,607,2019-11-03
0.00083,1713,2019-11-04
0.00101,2085,2019-11-05
0.00091,1867,2019-11-06
0.0008,1654,2019-11-07
0.00076,1561,2019-11-08
0.00095,1955,2019-11-09
0.0008,1644,2019-11-10
0.00052,1078,2019-11-11
0.00058,1205,2019-11-12
0.00078,1614,2019-11-13
0.00016,340,2019-11-14
0.00102,2108,2019-11-15
0.00068,1398,2019-11-16
0.00145,2984,2019-11-17
0.00148,3052,2019-11-18
0.001,2068,2019-11-19
0.00024,488,2019-11-20
0.00082,1686,2019-11-21
0.00064,1325,2019-11-22
0.00088,1817,2019-11-23
0.00028,578,2019-11-24
0.00138,2841,2019-11-25
0.00044,913,2019-11-26
0.00047,965,2019-11-27
0.00062,1270,2019-11-28
0.00022,447,2019-11-29
0.00037,765,2019-11-30
0.00043,894,2019-12-01
0.00098,2018,2019-12-02
0.00123,2540,2019-12-03
0.00164,3388,2019-12-04
0.00033,685,2019-12-05
0.00045,922,2019-12-06
0.00017,359,2019-12-07
0.00044,911,2019-12-08
0.00073,1514,2019-12-09
0.00145,2983,2019-12-10
0.00073,1500,2019-12-11
0.00056,1162,2019-12-12
0.00161,3325,2019-12-13
0.00029,590,2019-12-14
0.00084,1724,2019-12-15
0.00059,1220,2019-12-16
0.00084,1725,2019-12-17
0.00131,2696,2019-12-18
0.00069,1415,2019-12-19
0.00168,3466,2019-12-20
0.00106,2195,2019-12-21
0.00039,795,2019-12-22
0.0013,2687,2019-12-23
0.00044,906,2019-12-24
0.0004,826,2019-12-25
0.00082,1685,2019-12-26
0.00013,260,2019-12-27
0.00032,665,2019-12-28
0.00034,695,2019-12-29
0.0012,2470,2019-12-30
0.00085,1751,2019-12-31
0.00051,1043,2020-01-01
0.00068,1405,2020-01-02
0.001,2072,2020-01-03
0.00012,240,2020-01-04
0.0004,818,2020-01-05
0.00059,1214,2020-01-06
0.00037,770,2020-01-07
0.00133,2737,2020-01-08
0.00079,1637,2020-01-09
0.00094,1948,2020-01-10
0.00038,788,2020-01-11
0.00079,1634,2020-01-12
0.00072,1488,2020-01-13
0.00128,2642,2020-01-14
0.00107,2210,2020-01-15
0.00116,2391,2020-01-16
0.00071,1473,2020-01-17
0.00172,3552,2020-01-18
0.00062,1272,2020-01-19
0.00102,2095,2020-01-20
0.00094,1944,2020-01-21
0.00033,679,2020-01-22
0.00131,2704,2020-01-23
0.00073,1501,2020-01-24
0.00087,1804,2020-01-25
0.00067,1389,2020-01-26
0.00121,2494,2020-01-27
0.00137,2835,2020-01-28
0.00122,2515,2020-01-29
0.00155,3203,2020-01-30
0.00095,1961,2020-01-31
0.00056,1160,2020-02-01
0.00049,1003,2020-02-02
0.00107,2211,2020-02-03
0.00124,2550,2020-02-04
0.00085,1747,2020-02-05
0.00126,2599,2020-02-06
0.00021,436,2020-02-07
0.00104,2139,2020-02-08
0.00018,369,2020-02-09
0.00089,1834,2020-02-10
0.00049,1019,2020-02-11
0.00087,1800,2020-02-12
0.00097,2001,2020-02-13
0.00067,1376,2020-02-14
0.00063,1302,2020-02-15
0.00018,376,2020-02-16
0.00095,1952,2020-02-17
0.00081,1673,2020-02-18
0.00069,1426,2020-02-19
0.00028,582,2020-02-20
0.00052,1063,2020-02-21
0.00054,1121,2020-02-22
0.0007,1436,2020-02-23
0.00096,1985,2020-02-24
0.00116,2389,2020-02-25
0.00116,2395,2020-02-26
0.00099,2040,2020-02-27
0.00053,1084,2020-02-28
0.001,2057,2020-02-29
0.0012,2480,2020-03-01
0.00097,2004,2020-03-02
0.00082,1688,2020-03-03
0.00069,1424,2020-03-04
0.00093,1915,2020-03-05
0.00068,1396,2020-03-06
0.00033,677,2020-03-07
0.0005,1031,2020-03-08
0.00079,1627,2020-03-09
0.00069,1427,2020-03-10
0.00042,871,2020-03-11
0.00135,2785,2020-03-12
0.00106,2185,2020-03-13
0.00037,762,2020-03-14
0.00045,923,2020-03-15
0.00073,1514,2020-03-16
0.00157,3229,2020-03-17
0.00072,1492,2020-03-18
0.00093,1923,2020-03-19
0.00117,2416,2020-03-20
0.00061,1249,2020-03-21
0.00064,1311,2020-03-22
0.0008,1642,2020-03-23
0.00213,4399,2020-03-24
0.00205,4218,2020-03-25
0.00118,2428,2020-03-26
0.00091,1867,2020-03-27
0.00073,1499,2020-03-28
0.00057,1173,2020-03-29
0.00111,2290,2020-03-30
0.00127,2616,2020-03-31
0.00083,1712,2020-04-01
0.00104,2145,2020-04-02
0.00058,1202,2020-04-03
0.00086,1770,2020-04-04
0.00103,2129,2020-04-05
0.00077,1584,2020-04-06
0.00098,2017,2020-04-07
0.00049,1001,2020-04-08
0.00072,1477,2020-04-09
0.00056,1151,2020-04-10
0.00045,924,2020-04-11
0.00044,899,2020-04-12
0.00133,2733,2020-04-13
0.00039,796,2020-04-14
0.00047,970,2020-04-15
0.00058,1200,2020-04-16
0.00048,983,2020-04-17
0.00017,344,2020-04-18
0.00022,460,2020-04-19
0.00107,2209,2020-04-20
0.00082,1686,2020-04-21
0.00029,593,2020-04-22
0.00097,1995,2020-04-23
0.00061,1267,2020-04-24
0.0007,1452,2020-04-25
0.00084,1724,2020-04-26
0.00083,1705,2020-04-27
0.00036,746,2020-04-28
0.00068,1405,2020-04-29
0.0008,1654,2020-04-30
0.00073,1500,2020-05-01
0.00083,1708,2020-05-02
0.00021,427,2020-05-03
0.00117,2416,2020-05-04
0.00138,2845,2020-05-05
0.00024,490,2020-05-06
0.00068,1400,2020-05-07
0.00111,2285,2020-05-08
0.0012,2468,2020-05-09
0.00085,1748,2020-05-10
0.00088,1822,2020-05-11
0.00213,4398,2020-05-12
0.00078,1610,2020-05-13
0.00036,738,2020-05-14
0.00079,1624,2020-05-15
0.00115,2381,2020-05-16
0.00093,1926,2020-05-17
0.00104,2154,2020-05-18
0.0007,1451,2020-05-19
0.00075,1547,2020-05-20
0.00032,666,2020-05-21
0.00134,2755,2020-05-22
0.00097,2003,2020-05-23
0.00066,1370,2020-05-24
0.00213,4394,2020-05-25
0.00068,1408,2020-05-26
0.00086,1777,2020-05-27
0.00119,2458,2020-05-28
0.00086,1778,2020-05-29
0.00024,503,2020-05-30
0.00098,2019,2020-05-31
0.00091,1870,2020-06-01
0.00071,1456,2020-06-02
0.00056,1165,2020-06-03
0.00122,2507,2020-06-04
0.00029,604,2020-06-05
0.00035,713,2020-06-06
0.00049,1015,2020-06-07
0.00112,2300,2020-06-08
0.00084,1738,2020-06-09
0.00069,1424,2020-06-10
0.00063,1308,2020-06-11
0.00051,1060,2020-06-12
0.00034,691,2020-06-13
0.0002,418,2020-06-14
0.00039,804,2020-06-15
0.00058,1199,2020-06-16
0.00039,809,2020-06-17
0.00089,1826,2020-06-18
0.00065,1348,2020-06-19
0.00038,793,2020-06-20
0.00075,1538,2020-06-21
0.00074,1533,2020-06-22
0.00033,684,2020-06-23
0.00086,1767,2020-06-24
0.00026,528,2020-06-25
0.00041,846,2020-06-26
0.00035,721,2020-06-27
0.00062,1277,2020-06-28
0.00036,740,2020-06-29
0.00021,437,2020-06-30
0.00048,994,2020-07-01
0.00119,2458,2020-07-02
0.00214,4413,2020-07-03
0.0003,610,2020-07-04
0.00088,1822,2020-07-05
0.00149,3071,2020-07-06
0.00094,1943,2020-07-07
0.00108,2225,2020-07-08
0.00101,2076,2020-07-09
0.00075,1550,2020-07-10
0.00033,672,2020-07-11
0.00039,813,2020-07-12
0.00062,1287,2020-07-13
0.00035,712,2020-07-14
0.00021,442,2020-07-15
0.00025,514,2020-07-16
0.0002,409,2020-07-17
0.00062,1272,2020-07-18
0.00078,1604,2020-07-19
0.00125,2580,2020-07-20
0.00088,1814,2020-07-21
0.00028,580,2020-07-22
0.00141,2918,2020-07-23
0.00093,1926,2020-07-24
0.0009,1854,2020-07-25
0.00034,708,2020-07-26
0.0009,1865,2020-07-27
0.00022,454,2020-07-28
0.00055,1126,2020-07-29
0.00162,3343,2020-07-30
0.00064,1316,2020-07-31
0.00023,467,2020-08-01
0.0003,621,2020-08-02
0.00049,1018,2020-08-03
0.00019,382,2020-08-04
0.00079,1637,2020-08-05
0.00146,3001,2020-08-06
0.0007,1444,2020-08-07
0.00027,561,2020-08-08
0.00061,1267,2020-08-09
0.00037,762,2020-08-10
0.00018,362,2020-08-11
0.0004,815,2020-08-12
0.0006,1243,2020-08-13
0.00036,747,2020-08-14
0.00062,1282,2020-08-15
0.00051,1054,2020-08-16
0.00134,2755,2020-08-17
0.00148,3051,2020-08-18
0.00041,852,2020-08-19
0.0005,1039,2020-08-20
0.00051,1049,2020-08-21
0.00021,439,2020-08-22
0.00031,646,2020-08-23
0.00085,1744,2020-08-24
0.00139,2870,2020-08-25
0.00025,506,2020-08-26
0.00039,797,2020-08-27
0.00084,1739,2020-08-28
0.00081,1673,2020-08-29
0.00072,1482,2020-08-30
0.0004,821,2020-08-31
0.00068,1410,2020-09-01
0.00075,1540,2020-09-02
0.0009,1853,2020-09-03
0.00055,1133,2020-09-04
0.00028,572,2020-09-05
0.00011,224,2020-09-06
0.00011,230,2020-09-07
0.00009,182,2020-09-08
0.00059,1214,2020-09-09
0.0001,209,2020-09-10
0.00025,521,2020-09-11
0.00023,476,2020-09-12
0.00025,513,2020-09-13
0.00006,134,2020-09-14
0.0011,2263,2020-09-15
0.00134,2764,2020-09-16
0.0007,1444,2020-09-17
0.00038,790,2020-09-18
0.00049,1019,2020-09-19
0.00053,1088,2020-09-20
0.00053,1099,2020-09-21
0.00072,1493,2020-09-22
0.00074,1519,2020-09-23
0.00056,1148,2020-09-24
0.00015,316,2020-09-25
0.00014,282,2020-09-26
0.00013,269,2020-09-27
0.00043,892,2020-09-28
0.00125,2571,2020-09-29
0.00081,1664,2020-09-30
0.00112,2311,2020-10-01
0.00079,1634,2020-10-02
0.00042,869,2020-10-03
0.00035,712,2020-10-04
0.0008,1640,2020-10-05
0.00114,2341,2020-10-06
0.00013,268,2020-10-07
0.00014,299,2020-10-08
0.00009,188,2020-10-09
0.00024,495,2020-10-10
0.00041,839,2020-10-11
0.00071,1472,2020-10-12
0.0006,1239,2020-10-13
0.00047,974,2020-10-14
0.00093,1917,2020-10-15
0.00089,1826,2020-10-16
0.00042,869,2020-10-17
0.00035,712,2020-10-18
0.00081,1671,2020-10-19
0.00118,2442,2020-10-20
0.00031,631,2020-10-21
0.00064,1316,2020-10-22
0.00067,1390,2020-10-23
0.00051,1058,2020-10-24
0.00042,859,2020-10-25
0.00141,2910,2020-10-26
0.0011,2275,2020-10-27
0.00081,1665,2020-10-28
0.0005,1025,2020-10-29
0.00026,528,2020-10-30
0.00019,391,2020-10-31
0.00007,146,2020-11-01
0.00102,2109,2020-11-02
0.00038,793,2020-11-03
0.00041,844,2020-11-04
0.00062,1281,2020-11-05
0.0009,1861,2020-11-06
0.00026,538,2020-11-07
0.00029,590,2020-11-08
0.00112,2319,2020-11-09
0.00106,2176,2020-11-10
0.00044,904,2020-11-11
0.00053,1103,2020-11-12
0.00029,602,2020-11-13
0.00028,569,2020-11-14
0.00033,685,2020-11-15
0.0008,1641,2020-11-16
0.00098,2014,2020-11-17
0.00082,1693,2020-11-18
0.00016,321,2020-11-19
0.00045,937,2020-11-20
0.00018,380,2020-11-21
0.00057,1183,2020-11-22
0.00148,3054,2020-11-23
0.00059,1209,2020-11-24
0.00022,459,2020-11-25
0.00084,1724,2020-11-26
0.00065,1332,2020-11-27
0.00042,859,2020-11-28
0.00094,1932,2020-11-29
0.00162,3333,2020-11-30
0.00064,1327,2020-12-01
0.00088,1819,2020-12-02
0.00081,1662,2020-12-03
0.0001,199,2020-12-04
0.00044,915,2020-12-05
0.00009,181,2020-12-06
0.00089,1839,2020-12-07
0.00054,1114,2020-12-08
0.00025,520,2020-12-09
0.00016,338,2020-12-10
0.00026,542,2020-12-11
0.00041,849,2020-12-12
0.00049,1012,2020-12-13
0.0012,2483,2020-12-14
0.00092,1900,2020-12-15
0.00126,2594,2020-12-16
0.00066,1362,2020-12-17
0.0006,1239,2020-12-18
0.00016,320,2020-12-19
0.00011,217,2020-12-20
0.00016,324,2020-12-21
0.00014,288,2020-12-22
0.00019,387,2020-12-23
0.00067,1375,2020-12-24
0.00014,290,2020-12-25
0.00064,1326,2020-12-26
0.00039,808,2020-12-27
0.00024,502,2020-12-28
0.00029,594,2020-12-29
0.00037,772,2020-12-30
0.00016,331,2020-12-31
0.00016,326,2021-01-01
0.00057,1175,2021-01-02
0.00014,295,2021-01-03
0.00039,810,2021-01-04
0.00043,888,2021-01-05
0.00105,2158,2021-01-06
0.00051,1055,2021-01-07
0.00058,1192,2021-01-08
0.00039,804,2021-01-09
0.00018,370,2021-01-10
0.00201,4155,2021-01-11
0.00158,3249,2021-01-12
0.00043,881,2021-01-13
0.0004,829,2021-01-14
0.00026,538,2021-01-15
0.00029,589,2021-01-16
0.00033,677,2021-01-17
0.00103,2131,2021-01-18
0.00096,1983,2021-01-19
0.00086,1770,2021-01-20
0.00044,905,2021-01-21
0.00066,1359,2021-01-22
0.00048,981,2021-01-23
0.00047,966,2021-01-24
0.00108,2229,2021-01-25
0.00085,1755,2021-01-26
0.00053,1102,2021-01-27
0.00049,1001,2021-01-28
0.00056,1158,2021-01-29
0.00014,285,2021-01-30
0.00111,2298,2021-01-31
0.00131,2709,2021-02-01
0.00071,1460,2021-02-02
0.00053,1103,2021-02-03
0.00026,545,2021-02-04
0.00026,540,2021-02-05
0.00026,541,2021-02-06
0.00046,952,2021-02-07
0.00092,1896,2021-02-08
0.00082,1690,2021-02-09
0.00089,1835,2021-02-10
0.0006,1241,2021-02-11
0.00021,442,2021-02-12
0.00039,806,2021-02-13
0.00076,1572,2021-02-14
0.00082,1693,2021-02-15
0.00099,2040,2021-02-16
0.00048,999,2021-02-17
0.00041,855,2021-02-18
0.00027,556,2021-02-19
0.00027,551,2021-02-20
0.00033,677,2021-02-21
0.00121,2493,2021-02-22
0.00056,1146,2021-02-23
0.00086,1783,2021-02-24
0.00055,1140,2021-02-25
0.00025,507,2021-02-26
0.00032,660,2021-02-27
0.00015,312,2021-02-28
0.00141,2914,2021-03-01
0.00063,1296,2021-03-02
0.00037,763,2021-03-03
0.00035,719,2021-03-04
0.00021,437,2021-03-05
0.0003,621,2021-03-06
0.0005,1028,2021-03-07
0.00113,2336,2021-03-08
0.00032,661,2021-03-09
0.00066,1362,2021-03-10
0.00025,520,2021-03-11
0.00019,396,2021-03-12
0.00037,766,2021-03-13
0.00027,561,2021-03-14
0.00089,1838,2021-03-15
0.00046,955,2021-03-16
0.0004,832,2021-03-17
0.00051,1042,2021-03-18
0.00036,748,2021-03-19
0.0002,404,2021-03-20
0.00018,381,2021-03-21
0.0004,828,2021-03-22
0.00017,344,2021-03-23
0.00026,536,2021-03-24
0.00014,286,2021-03-25
0.0004,825,2021-03-26
0.00035,713,2021-03-27
0.00046,946,2021-03-28
0.0015,3097,2021-03-29
0.00085,1748,2021-03-30
0.00023,484,2021-03-31
0.00049,1018,2021-04-01
0.00045,932,2021-04-02
0.00045,926,2021-04-03
0.00016,339,2021-04-04
0.00072,1490,2021-04-05
0.00159,3282,2021-04-06
0.00068,1400,2021-04-07
0.00024,486,2021-04-08
0.00031,637,2021-04-09
0.00016,337,2021-04-10
0.00018,373,2021-04-11
0.00088,1821,2021-04-12
0.00044,906,2021-04-13
0.00029,605,2021-04-14
0.00031,639,2021-04-15
0.00034,702,2021-04-16
0.00021,425,2021-04-17
0.00014,283,2021-04-18
0.00091,1867,2021-04-19
0.00096,1983,2021-04-20
0.00042,875,2021-04-21
0.00027,566,2021-04-22
0.00044,902,2021-04-23
0.00035,724,2021-04-24
0.00017,341,2021-04-25
0.00114,2361,2021-04-26
0.00137,2827,2021-04-27
0.00085,1757,2021-04-28
0.00029,605,2021-04-29
0.0002,410,2021-04-30
0.00012,246,2021-05-01
0.00015,314,2021-05-02
0.00166,3415,2021-05-03
0.00153,3150,2021-05-04
0.00041,842,2021-05-05
0.00103,2129,2021-05-06
0.00134,2761,2021-05-07
0.00024,498,2021-05-08
0.00047,971,2021-05-09
0.00093,1918,2021-05-10
0.00061,1259,2021-05-11
0.00034,696,2021-05-12
0.00042,865,2021-05-13
0.00072,1480,2021-05-14
0.0007,1449,2021-05-15
0.00017,352,2021-05-16
0.00108,2221,2021-05-17
0.0013,2689,2021-05-18
0.00056,1148,2021-05-19
0.00066,1364,2021-05-20
0.0004,816,2021-05-21
0.00061,1259,2021-05-22
0.00022,445,2021-05-23
0.00177,3652,2021-05-24
0.00047,979,2021-05-25
0.00041,849,2021-05-26
0.00014,290,2021-05-27
0.00029,603,2021-05-28
0.00012,242,2021-05-29
0.00019,385,2021-05-30
0.00076,1574,2021-05-31
0.00059,1219,2021-06-01
0.00043,879,2021-06-02
0.00026,542,2021-06-03
0.00039,795,2021-06-04
0.00018,377,2021-06-05
0.00034,691,2021-06-06
0.00116,2398,2021-06-07
0.00057,1170,2021-06-08
0.00031,647,2021-06-09
0.00029,596,2021-06-10
0.00028,585,2021-06-11
0.00012,242,2021-06-12
0.00012,247,2021-06-13
0.00021,426,2021-06-14
0.00053,1087,2021-06-15
0.0002,415,2021-06-16
0.00016,332,2021-06-17
0.00011,222,2021-06-18
0.00018,380,2021-06-19
0.00013,273,2021-06-20
0.00075,1542,2021-06-21
0.00054,1104,2021-06-22
0.00018,379,2021-06-23
0.00025,521,2021-06-24
0.00013,262,2021-06-25
0.0002,409,2021-06-26
0.00013,265,2021-06-27
0.00074,1535,2021-06-28
0.0003,623,2021-06-29
0.00052,1064,2021-06-30
0.00011,233,2021-07-01
0.00009,180,2021-07-02
0.00014,288,2021-07-03
0.00011,235,2021-07-04
0.0006,1241,2021-07-05
0.00039,806,2021-07-06
0.00017,360,2021-07-07
0.00103,2121,2021-07-08
0.00028,584,2021-07-09
0.00015,315,2021-07-10
0.0002,408,2021-07-11
0.00022,460,2021-07-12
0.00013,265,2021-07-13
0.00015,301,2021-07-14
0.00009,188,2021-07-15
0.00009,195,2021-07-16
0.00006,128,2021-07-17
0.00007,135,2021-07-18
0.00101,2082,2021-07-19
0.0003,615,2021-07-20
0.00018,381,2021-07-21
0.00062,1275,2021-07-22
0.00044,909,2021-07-23
0.00022,451,2021-07-24
0.00011,223,2021-07-25
0.00063,1299,2021-07-26
0.00035,718,2021-07-27
0.00022,451,2021-07-28
0.00051,1056,2021-07-29
0.00027,547,2021-07-30
0.00017,341,2021-07-31
0.00013,267,2021-08-01
0.0001,206,2021-08-02
0.00012,257,2021-08-03
0.00039,814,2021-08-04
0.00101,2074,2021-08-05
0.00023,477,2021-08-06
0.00051,1055,2021-08-07
0.00018,366,2021-08-08
0.0007,1446,2021-08-09
0.00059,1211,2021-08-10
0.00027,554,2021-08-11
0.00066,1363,2021-08-12
0.00036,751,2021-08-13
0.00017,346,2021-08-14
0.00019,383,2021-08-15
0.00063,1301,2021-08-16
0.00039,795,2021-08-17
0.00025,511,2021-08-18
0.00047,967,2021-08-19
0.00056,1160,2021-08-20
0.00021,440,2021-08-21
0.00022,458,2021-08-22
0.00091,1885,2021-08-23
0.00038,792,2021-08-24
0.00022,452,2021-08-25
0.00082,1695,2021-08-26
0.00028,581,2021-08-27
0.00021,441,2021-08-28
0.00019,399,2021-08-29
0.00059,1224,2021-08-30
0.00044,917,2021-08-31
0.00022,461,2021-09-01
0.00089,1832,2021-09-02
0.00037,755,2021-09-03
0.00026,535,2021-09-04
0.00025,517,2021-09-05
0.00089,1839,2021-09-06
0.00056,1147,2021-09-07
0.00043,880,2021-09-08
0.00095,1965,2021-09-09
0.00079,1623,2021-09-10
0.00022,462,2021-09-11
0.00045,929,2021-09-12
0.00067,1375,2021-09-13
0.00045,926,2021-09-14
0.00027,547,2021-09-15
0.00078,1607,2021-09-16
0.00031,643,2021-09-17
0.00023,484,2021-09-18
0.00053,1086,2021-09-19
0.00061,1259,2021-09-20
0.00036,733,2021-09-21
0.00033,676,2021-09-22
0.00026,544,2021-09-23
0.00073,1503,2021-09-24
0.00025,523,2021-09-25
0.00018,371,2021-09-26
0.00054,1115,2021-09-27
0.00053,1085,2021-09-28
0.00024,493,2021-09-29
0.00025,508,2021-09-30
0.0002,403,2021-10-01
0.00042,866,2021-10-02
0.00023,466,2021-10-03
0.00068,1410,2021-10-04
0.00096,1978,2021-10-05
0.00081,1664,2021-10-06
0.00101,2089,2021-10-07
0.00064,1326,2021-10-08
0.00032,667,2021-10-09
0.00049,1002,2021-10-10
0.00073,1514,2021-10-11
0.00091,1874,2021-10-12
0.00065,1331,2021-10-13
0.00034,693,2021-10-14
0.00135,2793,2021-10-15
0.00037,763,2021-10-16
0.00027,566,2021-10-17
0.00072,1488,2021-10-18
0.00055,1144,2021-10-19
0.00031,648,2021-10-20
0.00035,719,2021-10-21
0.00084,1735,2021-10-22
0.00039,796,2021-10-23
0.00036,733,2021-10-24
0.00024,501,2021-10-25
0.00024,485,2021-10-26
0.00015,311,2021-10-27
0.00027,549,2021-10-28
0.00102,2097,2021-10-29
0.00027,553,2021-10-30
0.00097,1991,2021-10-31
0.00039,795,2021-11-01
0.00028,569,2021-11-02
0.00019,396,2021-11-03
0.00094,1937,2021-11-04
0.0005,1021,2021-11-05
0.00026,533,2021-11-06
0.0005,1021,2021-11-07
0.00085,1747,2021-11-08
0.00067,1392,2021-11-09
0.00094,1938,2021-11-10
0.0013,2684,2021-11-11
0.00052,1070,2021-11-12
0.00042,871,2021-11-13
0.00058,1196,2021-11-14
0.00108,2224,2021-11-15
0.00094,1948,2021-11-16
0.00046,951,2021-11-17
0.001,2053,2021-11-18
0.0003,626,2021-11-19
0.00016,327,2021-11-20
0.0002,403,2021-11-21
0.00025,508,2021-11-22
0.00017,347,2021-11-23
0.00018,378,2021-11-24
0.00096,1989,2021-11-25
0.00076,1563,2021-11-26
0.00029,597,2021-11-27
0.00035,724,2021-11-28
0.00071,1459,2021-11-29
0.00094,1943,2021-11-30
0.00045,924,2021-12-01
0.00071,1454,2021-12-02
0.00056,1157,2021-12-03
0.00029,594,2021-12-04
0.00025,509,2021-12-05
0.00067,1389,2021-12-06
0.00063,1303,2021-12-07
0.00043,885,2021-12-08
0.00074,1525,2021-12-09
0.00033,671,2021-12-10
0.00032,657,2021-12-11
0.00019,401,2021-12-12
0.00028,574,2021-12-13
0.00033,678,2021-12-14
0.0003,625,2021-12-15
0.00026,534,2021-12-16
0.00133,2750,2021-12-17
0.00107,2197,2021-12-18
0.00033,689,2021-12-19
0.00095,1958,2021-12-20
0.00066,1363,2021-12-21
0.00034,700,2021-12-22
0.00048,996,2021-12-23
0.00043,886,2021-12-24
0.00021,428,2021-12-25
0.00019,399,2021-12-26
0.00141,2911,2021-12-27
0.00094,1944,2021-12-28
0.00066,1370,2021-12-29
0.00025,508,2021-12-30
0.00025,511,2021-12-31
0.00026,532,2022-01-01
0.00026,540,2022-01-02
0.00103,2119,2022-01-03
0.00053,1085,2022-01-04
0.00073,1503,2022-01-05
0.00086,1775,2022-01-06
0.0004,829,2022-01-07
0.00039,800,2022-01-08
0.00024,499,2022-01-09
0.0009,1861,2022-01-10
0.0005,1024,2022-01-11
0.00051,1044,2022-01-12
0.00093,1916,2022-01-13
0.00036,749,2022-01-14
0.00019,399,2022-01-15
0.00026,543,2022-01-16
0.00033,677,2022-01-17
0.00038,790,2022-01-18
0.00036,750,2022-01-19
0.0011,2267,2022-01-20
0.00026,536,2022-01-21
0.00032,668,2022-01-22
0.00034,710,2022-01-23
0.00035,731,2022-01-24
0.00051,1058,2022-01-25
0.00063,1301,2022-01-26
0.00116,2392,2022-01-27
0.00042,875,2022-01-28
0.00043,880,2022-01-29
0.00035,715,2022-01-30
0.00145,2992,2022-01-31
0.00108,2225,2022-02-01
0.00033,684,2022-02-02
0.00102,2100,2022-02-03
0.0006,1246,2022-02-04
0.00041,851,2022-02-05
0.00056,1148,2022-02-06
0.00107,2216,2022-02-07
0.00129,2667,2022-02-08
0.00051,1050,2022-02-09
0.00126,2592,2022-02-10
0.00097,1999,2022-02-11
0.00077,1584,2022-02-12
0.00055,1140,2022-02-13
0.00125,2588,2022-02-14
0.00096,1977,2022-02-15
0.00066,1361,2022-02-16
0.00108,2221,2022-02-17
0.00032,670,2022-02-18
0.00053,1097,2022-02-19
0.00025,523,2022-02-20
0.00078,1616,2022-02-21
0.00077,1588,2022-02-22
0.00075,1547,2022-02-23
0.00043,887,2022-02-24
0.00078,1615,2022-02-25
0.0003,629,2022-02-26
0.00058,1199,2022-02-27
0.00093,1910,2022-02-28
0.00134,2768,2022-03-01
0.00074,1525,2022-03-02
0.00106,2184,2022-03-03
0.00061,1258,2022-03-04
0.0005,1035,2022-03-05
0.00049,1012,2022-03-06
0.001,2071,2022-03-07
0.00136,2812,2022-03-08
0.00061,1258,2022-03-09
0.00046,951,2022-03-10
0.00039,810,2022-03-11
0.00024,498,2022-03-12
0.0002,406,2022-03-13
0.00084,1735,2022-03-14
0.00092,1903,2022-03-15
0.0005,1032,2022-03-16
0.00038,775,2022-03-17
0.00092,1894,2022-03-18
0.00053,1085,2022-03-19
0.00049,1015,2022-03-20
0.00069,1416,2022-03-21
0.00088,1818,2022-03-22
0.00056,1165,2022-03-23
0.00041,839,2022-03-24
0.00074,1516,2022-03-25
0.00019,400,2022-03-26
0.00036,736,2022-03-27
0.00058,1195,2022-03-28
0.00079,1633,2022-03-29
0.00076,1560,2022-03-30
0.0009,1860,2022-03-31
0.00052,1072,2022-04-01
0.0003,615,2022-04-02
0.00026,533,2022-04-03
0.00089,1835,2022-04-04
0.00132,2725,2022-04-05
0.0006,1236,2022-04-06
0.0008,1653,2022-04-07
0.00047,979,2022-04-08
0.00053,1101,2022-04-09
0.00039,807,2022-04-10
0.0004,817,2022-04-11
0.00031,649,2022-04-12
0.0005,1038,2022-04-13
0.00017,344,2022-04-14
0.00046,951,2022-04-15
0.00024,502,2022-04-16
0.00039,813,2022-04-17
0.00091,1874,2022-04-18
0.001,2072,2022-04-19
0.00053,1102,2022-04-20
0.00028,574,2022-04-21
0.00033,682,2022-04-22
0.00028,584,2022-04-23
0.00031,647,2022-04-24
0.00031,640,2022-04-25
0.00107,2197,2022-04-26
0.00058,1202,2022-04-27
0.00036,736,2022-04-28
0.00023,475,2022-04-29
0.00041,839,2022-04-30
0.00037,763,2022-05-01
0.00043,883,2022-05-02
0.00035,720,2022-05-03
0.00035,718,2022-05-04
0.00039,794,2022-05-05
0.00029,607,2022-05-06
0.00034,694,2022-05-07
0.00028,579,2022-05-08
0.00042,861,2022-05-09
0.00027,549,2022-05-10
0.00016,322,2022-05-11
0.00021,430,2022-05-12
0.00019,385,2022-05-13
0.00015,302,2022-05-14
0.00027,549,2022-05-15
0.00166,3423,2022-05-16
0.00089,1833,2022-05-17
0.00057,1183,2022-05-18
0.00058,1206,2022-05-19
0.00061,1258,2022-05-20
0.00034,711,2022-05-21
0.00057,1167,2022-05-22
0.00156,3207,2022-05-23
0.00057,1172,2022-05-24
0.0006,1232,2022-05-25
0.00121,2495,2022-05-26
0.00027,554,2022-05-27
0.00031,633,2022-05-28
0.00024,499,2022-05-29
0.00134,2759,2022-05-30
0.00093,1917,2022-05-31
0.00047,962,2022-06-01
0.00093,1910,2022-06-02
0.00097,2010,2022-06-03
0.00031,646,2022-06-04
0.00065,1350,2022-06-05
0.00065,1349,2022-06-06
0.00067,1383,2022-06-07
0.00038,775,2022-06-08
0.00071,1456,2022-06-09
0.00031,648,2022-06-10
0.00035,723,2022-06-11
0.00018,372,2022-06-12
0.00154,3167,2022-06-13
0.00089,1831,2022-06-14
0.00063,1297,2022-06-15
0.00075,1540,2022-06-16
0.00067,1385,2022-06-17
0.00041,848,2022-06-18
0.0005,1039,2022-06-19
0.00108,2228,2022-06-20
0.00089,1839,2022-06-21
0.0006,1232,2022-06-22
0.00039,808,2022-06-23
0.0006,1241,2022-06-24
0.00053,1087,2022-06-25
0.0004,832,2022-06-26
0.00082,1694,2022-06-27
0.00054,1113,2022-06-28
0.00058,1188,2022-06-29
0.00034,699,2022-06-30
0.00032,653,2022-07-01
0.00016,329,2022-07-02
0.00034,694,2022-07-03
0.00075,1548,2022-07-04
0.00058,1189,2022-07-05
0.0006,1235,2022-07-06
0.00057,1170,2022-07-07
0.00053,1084,2022-07-08
0.00082,1695,2022-07-09
0.00059,1225,2022-07-10
0.00077,1583,2022-07-11
0.00074,1522,2022-07-12
0.00035,717,2022-07-13
0.00042,865,2022-07-14
0.00023,465,2022-07-15
0.00051,1055,2022-07-16
0.00042,873,2022-07-17
0.00027,557,2022-07-18
0.00016,328,2022-07-19
0.00038,787,2022-07-20
0.00015,304,2022-07-21
0.00015,303,2022-07-22
0.00011,219,2022-07-23
0.00016,325,2022-07-24
0.00012,248,2022-07-25
0.00011,218,2022-07-26
0.00016,328,2022-07-27
0.00025,512,2022-07-28
0.00015,302,2022-07-29
0.00013,265,2022-07-30
0.00013,267,2022-07-31
0.00035,725,2022-08-01
0.0002,415,2022-08-02
0.00018,381,2022-08-03
0.00021,436,2022-08-04
0.00028,568,2022-08-05
0.0001,204,2022-08-06
0.0002,403,2022-08-07
0.00103,2132,2022-08-08
0.00122,2512,2022-08-09
0.00061,1268,2022-08-10
0.00029,607,2022-08-11
0.00023,482,2022-08-12
0.00026,537,2022-08-13
0.00022,452,2022-08-14
0.00094,1937,2022-08-15
0.00066,1352,2022-08-16
0.00035,724,2022-08-17
0.00032,657,2022-08-18
0.00044,904,2022-08-19
0.00028,586,2022-08-20
0.00035,732,2022-08-21
0.00041,852,2022-08-22
0.00028,574,2022-08-23
0.00018,367,2022-08-24
0.00054,1114,2022-08-25
0.0005,1040,2022-08-26
0.00023,467,2022-08-27
0.00024,505,2022-08-28
0.00031,639,2022-08-29
0.00027,567,2022-08-30
0.00045,918,2022-08-31
0.00038,788,2022-09-01
0.00045,922,2022-09-02
0.00041,844,2022-09-03
0.0004,835,2022-09-04
0.00016,321,2022-09-05
0.00085,1761,2022-09-06
0.00066,1371,2022-09-07
0.00045,923,2022-09-08
0.00033,678,2022-09-09
0.00018,378,2022-09-10
0.00024,491,2022-09-11
0.00029,604,2022-09-12
0.00099,2032,2022-09-13
0.00054,1107,2022-09-14
0.00043,893,2022-09-15
0.00025,507,2022-09-16
0.00042,870,2022-09-17
0.00027,548,2022-09-18
0.00018,370,2022-09-19
0.00037,769,2022-09-20
0.00033,688,2022-09-21
0.00025,509,2022-09-22
0.00021,441,2022-09-23
0.00022,446,2022-09-24
0.00016,336,2022-09-25
0.00016,327,2022-09-26
0.00074,1535,2022-09-27
0.00017,355,2022-09-28
0.00011,230,2022-09-29
0.00012,253,2022-09-30
0.00033,690,2022-10-01
0.00019,390,2022-10-02
0.00012,248,2022-10-03
0.00024,492,2022-10-04
0.00009,178,2022-10-05
0.0003,627,2022-10-06
0.00021,440,2022-10-07
0.00018,362,2022-10-08
0.00018,377,2022-10-09
0.00025,507,2022-10-10
0.00118,2434,2022-10-11
0.00054,1106,2022-10-12
0.00052,1074,2022-10-13
0.00055,1130,2022-10-14
0.00044,912,2022-10-15
0.00033,675,2022-10-16
0.00082,1682,2022-10-17
0.00149,3063,2022-10-18
0.00055,1143,2022-10-19
0.00057,1168,2022-10-20
0.00027,550,2022-10-21
0.00036,746,2022-10-22
0.00045,921,2022-10-23
0.00037,765,2022-10-24
0.00098,2017,2022-10-25
0.00065,1337,2022-10-26
0.00064,1321,2022-10-27
0.00037,758,2022-10-28
0.00044,898,2022-10-29
0.00028,585,2022-10-30
0.00035,730,2022-10-31
0.00148,3055,2022-11-01
0.00078,1607,2022-11-02
0.00093,1919,2022-11-03
0.0007,1437,2022-11-04
0.00029,596,2022-11-05
0.00044,898,2022-11-06
0.00033,684,2022-11-07
0.00093,1921,2022-11-08
0.00062,1279,2022-11-09
0.00043,889,2022-11-10
0.00034,698,2022-11-11
0.00027,561,2022-11-12
0.00031,632,2022-11-13
0.00044,902,2022-11-14
0.00088,1818,2022-11-15
0.00037,764,2022-11-16
0.00037,763,2022-11-17
0.00019,402,2022-11-18
0.00022,460,2022-11-19
0.00038,778,2022-11-20
0.00027,553,2022-11-21
0.00079,1620,2022-11-22
0.00067,1389,2022-11-23
0.00038,778,2022-11-24
0.00037,766,2022-11-25
0.00021,437,2022-11-26
0.0004,819,2022-11-27
0.00021,437,2022-11-28
0.0006,1241,2022-11-29
0.00063,1297,2022-11-30
0.00039,805,2022-12-01
0.0003,623,2022-12-02
0.00027,549,2022-12-03
0.00046,944,2022-12-04
0.00029,600,2022-12-05
0.00062,1287,2022-12-06
0.00056,1155,2022-12-07
0.00043,886,2022-12-08
0.00045,936,2022-12-09
0.00019,398,2022-12-10
0.00024,498,2022-12-11
0.0003,615,2022-12-12
0.00029,593,2022-12-13
0.00106,2194,2022-12-14
0.00075,1540,2022-12-15
0.00035,718,2022-12-16
0.00035,724,2022-12-17
0.00033,688,2022-12-18
0.00015,319,2022-12-19
0.00095,1953,2022-12-20
0.00039,802,2022-12-21
0.00032,657,2022-12-22
0.00039,798,2022-12-23
0.00021,441,2022-12-24
0.00022,453,2022-12-25
0.00006,134,2022-12-26
0.00046,950,2022-12-27
0.00019,394,2022-12-28
0.00024,492,2022-12-29
0.00013,268,2022-12-30
0.00016,331,2022-12-31
0.00016,322,2023-01-01
0.00013,272,2023-01-02
0.00066,1351,2023-01-03
0.00029,607,2023-01-04
0.00027,555,2023-01-05
0.00022,452,2023-01-06
0.00036,752,2023-01-07
0.00027,550,2023-01-08
0.00027,566,2023-01-09
0.00079,1626,2023-01-10
0.00042,875,2023-01-11
0.00038,775,2023-01-12
0.00044,900,2023-01-13
0.00023,472,2023-01-14
0.00017,352,2023-01-15
0.00024,490,2023-01-16
0.00058,1190,2023-01-17
0.00029,588,2023-01-18
0.00016,328,2023-01-19
0.00017,359,2023-01-20
0.00017,360,2023-01-21
0.00031,638,2023-01-22
0.00021,443,2023-01-23
0.00087,1788,2023-01-24
0.00043,884,2023-01-25
0.00025,525,2023-01-26
0.00035,732,2023-01-27
0.00024,493,2023-01-28
